{
	"type": "Separator",
	"name": "ore wanter",
	"description": "search in water to get different materials floating in the water.",
	"results": [
		{"item": "titanium", "amount": 2},
		{"item": "graphite", "amount": 2},
          {"item": "copper", "amount": 2},
          {"item": "spore-pod", "amount": 2},
          {"item": "lead", "amount": 2},
          {"item": "silicon", "amount": 2},
          {"item": "metaglass", "amount": 2},
	],
	"size": 2,
	"hasPower": true,
	"hasLiquids": true,
	"liquidCapacity": 80,
	"hasItems": true,
	"itemCapacity": 20,
	"craftTime": 46,
	"updateEffect": "oily",
	"consumes": {
		"power": 3.0,
		"liquid": {
			"liquid": "water",
			"amount": 1.0,
		}
	},
	"requirements": [
		{ "item": "silicon", "amount": 100 },
		{ "item": "copper", "amount": 130 },
		{ "item": "lead", "amount": 120 },
		{ "item": "graphite", "amount": 120 },
	],
	"category": "crafting",
	"research": "separator",
	"idleSound": "respawning",
	"idleSoundVolume": 0.5
}